0;20 Dec 2016 22:05:52 GMT
1;20 Dec 2016 22:05:52 GMT
0;20 Dec 2016 22:05:52 GMT
0;20 Dec 2016 22:05:52 GMT
3;20 Dec 2016 22:05:52 GMT
5;20 Dec 2016 22:05:52 GMT
0;20 Dec 2016 22:05:52 GMT
0;20 Dec 2016 22:05:52 GMT
1;20 Dec 2016 22:05:52 GMT
2;20 Dec 2016 22:05:52 GMT
0;20 Dec 2016 22:05:52 GMT
4;20 Dec 2016 22:05:52 GMT
0;20 Dec 2016 22:05:52 GMT
2;20 Dec 2016 22:05:52 GMT
0;20 Dec 2016 22:05:52 GMT
0;20 Dec 2016 22:05:52 GMT
2;20 Dec 2016 22:05:52 GMT
0;20 Dec 2016 22:05:52 GMT
1;20 Dec 2016 22:05:52 GMT
